"Qu'est-ce que la mémoire virtuelle sous Windows ?","Un système activé à la demande qui donne aux applications l'illusion d'une mémoire physique plus grande que la réalité ; seules les parties actives des programmes et des données sont en mémoire principale."
"Sur quelle notion repose le concept de mémoire virtuelle ?","La page : les programmes et les données sont segmentés automatiquement en blocs de longueur fixe, unités de traitement dont la situation physique (mémoire principale ou auxiliaire) est déterminée par le système."
"Comment la taille d'une mémoire virtuelle est-elle limitée ?","Uniquement par les capacités d'adressage du système, et non par la capacité réelle de la mémoire physique de la machine."
"Qu'est-ce que le swapping (échange) de pages ?","Le transfert des pages entre la mémoire principale et les mémoires auxiliaires : les pages nécessaires sont chargées à la demande, les pages inactives sont recouvertes."
"Comment est définie l'architecture d'un processeur (32 ou 64 bits) ?","Par la taille de ses registres généraux (GPR, General Purpose Registers)."
"Qui a sorti le premier processeur 64 bits pour PC sous Windows et quand ?","AMD, avec l'Athlon 64 en 2003, en conservant la compatibilité avec le noyau x86 32 bits."
"Quelle est la particularité de l'architecture Itanium (IA-64) d'Intel ?","Elle est entièrement 64 bits et totalement incompatible avec les architectures précédentes : elle nécessite son propre système d'exploitation et ses propres applications 64 bits."
"Qu'est-ce que la plate-forme x64 ?","Des processeurs (Intel EMT64, AMD64) basés sur des registres 32 bits avec extensions 64 bits, permettant de déployer un OS 32 ou 64 bits sur le même serveur."
"Un processeur 64 bits adresse-t-il réellement la mémoire sur 64 bits ?","Non : en pratique, l'adressage physique se fait sur 36 à 40 bits selon les processeurs (AMD K8/K10 : 40 bits soit 1 To ; Intel Core 2 : 36 bits)."
"Combien de mémoire physique Windows Server 2008 64 bits gère-t-il (édition serveur courante) ?","128 Go ; un Windows 64 bits n'exécute pas les programmes 16 bits et exécute les programmes 32 bits dans une couche de compatibilité."
"Qu'est-ce que l'environnement WoW64 ?","La couche de compatibilité de Windows x64 qui exécute les applications 32 bits nativement avec les registres 32 bits, avec un impact négligeable sur les performances."
"Comment évolue l'espace d'adressage d'une application selon l'architecture ?","32 bits : 2 Go par application (le noyau partage l'espace 32 bits). x64 : l'application 32 bits passe à 4 Go, l'application 64 bits dispose de 8 To (8 To pour le noyau également, adressage virtuel sur 43 bits)."
"À quoi sert l'indicateur /LARGEADDRESSAWARE ?","Il doit être spécifié au compilateur pour qu'une application 32 bits tire parti de l'espace d'adressage de 4 Go (mode PAE, Physical Address Extension) ; le commutateur /3GB n'est pas pris en charge en 64 bits."
"Quels sont les deux rôles principaux du gestionnaire de mémoire ?","Allouer l'espace mémoire virtuelle d'un processus et le traduire en mémoire physique ; paginer le contenu de la mémoire vers le disque quand elle est surengagée."
"Quelle est la taille standard d'une page mémoire ?","4096 octets (4 ko) ; il existe deux tailles selon l'architecture, petite et grande (la grande accélère la traduction d'adresses pour les données d'une même page)."
"Qui seul peut accéder directement à la mémoire physique ?","Le noyau : il fait le lien entre les pages de mémoire virtuelle vues par un processus et les pages physiques réelles ; chaque processus ne voit que son propre espace virtuel."
"Différence entre la pile (stack) et le tas (heap) d'un processus ?","La pile stocke temporairement les paramètres, variables locales et adresses de retour des fonctions (agrandie automatiquement par le noyau). Le tas sert à l'allocation dynamique (agrandi par la bibliothèque C, pas automatiquement)."
"Quelles sont les trois catégories de données mappées dans la mémoire virtuelle ?","Celles relatives au processus, celles relatives à la session, celles relatives au système."
"Que contient l'espace mémoire réservé au système sous Windows ?","L'image de l'OS, la HAL et les pilotes de démarrage, l'hyperspace, la Working Set List, le cache système, les réserves paginée et non paginée, les PTE système, les informations de crash et la mémoire HAL."
"Combien de réserves paginées un système possède-t-il ?","Deux sur un système monoprocesseur, quatre sur un système multiprocesseur ; plusieurs réserves réduisent la fréquence des blocages sur les appels simultanés."
"Différence entre réserve paginée et réserve non paginée ?","La réserve paginée peut être déplacée entre mémoire et disque ; la réserve non paginée reste garantie en permanence en mémoire physique et est accessible sans générer d'E/S de pages."
"Qu'est-ce que le TLB (Translation Look-aside Buffer) ?","Une mémoire associative (tampon des pages récemment utilisées) contenant des couples numéro de page virtuelle / numéro de page physique, pour accélérer la traduction d'adresses."
"Qu'est-ce que la pagination à la demande avec regroupement ?","Une page n'est chargée qu'au moment d'un défaut de page ; le gestionnaire charge alors la page demandée plus quelques pages voisines, ce qui diminue le nombre de défauts de page."
"Différence entre stratégie de placement et stratégie de remplacement ?","Placement : quand la mémoire physique n'est pas pleine, on alloue une case libre. Remplacement : quand elle est pleine, on désigne (selon FIFO local) la page à extraire pour faire de la place."
"Qu'est-ce que le jeu de pages de travail (working set) d'un processus ?","L'ensemble des pages physiques mémorisées pour un processus ; une taille minimale lui est attribuée à sa création, garantissant le nombre de pages dont il dispose."
"Quels sont les six états possibles d'une page physique ?","Valide (Valid), À zéro (Zeroed), Libre (Free), En attente (Standby), Modifié (Modified), Mauvais (Bad) ; les pages non utilisées sont chaînées dans cinq listes selon leur état."
"Que fait le thread « modified page writer » (unité d'écriture de pages modifiées) ?","Réveillé quand le nombre de pages à zéro, libres ou en attente passe sous un seuil, il écrit le contenu des pages modifiées sur le disque et les place dans la liste des pages en attente."
"Qu'impose le niveau de sécurité C2 concernant les pages ?","Les threads en mode utilisateur ne reçoivent que des pages physiques initialisées à zéro, afin qu'ils ne puissent pas lire le contenu de la mémoire d'un thread précédent."
"Qu'est-ce qu'un processus sous Windows ?","Une instance d'une application active (en cours d'exécution ou en attente) ; elle possède un processus racine (père) à partir duquel des processus fils peuvent être créés ; représenté par un block d'attributs."
"Où se situe le PEB (Process Environment Block) ?","Dans l'espace mémoire du processus, contrairement au block du processus et aux structures de données associées qui sont dans l'espace d'adressage système."
"Quelles opérations le noyau effectue-t-il lors d'un changement de contexte ?","Suspendre P0, mettre à jour son PCB, restaurer le PCB de P1, reconfigurer l'espace mémoire, reconfigurer la MMU (Memory Management Unit), démarrer P1."
"Qu'est-ce qu'un thread (tâche) sous Windows ?","Une entité programme exécutée au sein d'un processus ; un processus a besoin d'au moins un thread (principal) pour exécuter du code ; un thread possède des registres, deux tas (kernel et user mode), une zone TLS et un identifiant."
"Pourquoi les threads sont-ils appelés « processus légers » ?","Ils n'ont pas d'espace mémoire propre : ils utilisent celui du processus auquel ils sont attachés et en partagent les ressources (une pile est allouée à chaque thread)."
"Combien de niveaux de priorité préemptive Windows WIN32 gère-t-il et comment fonctionne l'ordonnancement ?","32 niveaux (0 le plus faible à 31 le plus fort) ; un thread actif préempte immédiatement tout thread de priorité inférieure ; entre threads de même priorité, ordonnancement en temps partagé (round robin)."
"Sur quoi la priorité préemptive est-elle implémentée : les threads ou les processus ?","Sur les threads ; ordonnancer le thread d'un processus revient à ordonnancer le processus. Combinée à une classe de priorité du processus (7 classes, fixée à la création)."
"Différence entre disque MBR et disque GPT ?","MBR : jusqu'à 4 To par volume, 4 partitions principales (ou 3 + 1 étendue avec lecteurs logiques). GPT : jusqu'à 18-28 Eo, 128 partitions, tables de partition primaire et de sauvegarde redondantes ; conseillé au-delà de 2 To."
"Quel style de partition les ordinateurs Itanium exigent-ils ?","Un disque GPT contenant une partition EFI (Extensible Firmware Interface) et les fichiers nécessaires au démarrage."
"Différence entre disque de base et disque dynamique ?","Disque de base : partitions principales/étendues, lecteurs logiques (volumes de base). Disque dynamique : volumes pouvant s'étendre sur plusieurs disques (agrégés, fractionnés) et volumes à tolérance de pannes (miroir, RAID-5)."
"Cite les cinq types de volumes dynamiques.","Simple, fractionné, agrégé par bandes, en miroir et RAID-5 ; les volumes en miroir et RAID-5 sont à tolérance de pannes. Jusqu'à 2000 volumes dynamiques (32 recommandés au maximum)."
"Sur quels supports les disques dynamiques ne sont-ils pas pris en charge ?","Les ordinateurs portables, les disques amovibles ou extractibles en USB ou IEEE 1394 (FireWire), et les disques sur bus SCSI partagés."
"Qu'est-ce qu'un cluster (unité d'allocation) ?","La plus petite unité de disque que le système d'exploitation peut gérer, constituée d'un ou plusieurs secteurs ; un fichier occupe un ou plusieurs clusters. Plus le cluster est grand, plus le gaspillage possible est important, mais moins il y a d'entités à gérer."
