"Qu'est-ce que le CPL (Courant Porteur en Ligne) ?","Une technologie de transport d'informations sur le câblage électrique standard existant, sans travaux d'infrastructure ; utilisée principalement pour le pontage entre réseaux filaires."
"Quel usage historique du CPL EDF utilise-t-elle encore aujourd'hui ?","Le changement heures pleines / heures creuses : information unidirectionnelle de l'émetteur vers le récepteur sur une fréquence de 100 à 1000 Hz (usage depuis 1950)."
"Qu'est-ce que la HomePlug Alliance et quels standards a-t-elle produits ?","Une association d'industriels (dont EDF, Motorola, Sony, Netgear) créée en mars 2000 ; standards HomePlug 1.0/1.01 (14 Mbit/s), HomePlug 1.1 Turbo (85 Mbit/s), HomePlug AV (200 Mbit/s, HDTV/VoIP, incompatible avec les précédents)."
"Que définit la norme IEEE 1901 (fin 2010) ?","Les équipements des réseaux BPL (Broadband over Power Line) : débits supérieurs à 500 Mb/s pour les réseaux locaux, et accès Internet via le réseau électrique jusqu'à 1,5 km pour les réseaux d'accès d'opérateurs (last-mile)."
"Comment un boîtier CPL transmet-il des données sur le réseau électrique ?","Il ajoute au courant 50 Hz un signal de plus haute fréquence (1,6 à 30 MHz pour le haut débit) et de faible énergie (quelques volts), reçu et décodé par un autre boîtier qui élimine les basses fréquences."
"Quelle technique de modulation la couche physique du CPL haut débit utilise-t-elle ?","L'OFDM (Orthogonal Frequency Division Multiplexing) : division du signal en un grand nombre de porteuses orthogonales qui ne se chevauchent pas, avec répétition du signal pour pallier la perte de certaines fréquences."
"Quelle méthode d'accès la couche liaison du CPL utilise-t-elle ?","La CSMA/CA (Carrier Sense Multiple Access with Collision Avoidance), la même que le Wi-Fi : les données ne sont transmises que si le support est libre, avec échange DIFS / RTS / CTS / ACK."
"Comment HomePlug AV et UPA DS2 assurent-ils la qualité de service ?","Par le TDMA (Time Division Multiplex Access) : multiplexage temporel permettant à plusieurs stations d'accéder à la même fréquence, puis étiquettes 802.1p pour prioriser les flux (téléphonie, vidéo)."
"Différence entre couplage capacitif et couplage inductif en CPL ?","Le couplage capacitif (branchement direct sur une prise) est le plus utilisé ; le couplage inductif est plus efficace et réduit l'atténuation de 10 à 15 dB pour certaines fréquences."
"À quoi servent les injecteurs, répéteurs et filtres CPL ?","Injecteurs : brancher un équipement au niveau du tableau électrique. Répéteurs : régénérer le signal atténué (souvent inutiles, 200-300 m sur câble électrique, 800 m sur coaxial). Filtres : bloquer les fréquences perturbatrices ou empêcher le signal de sortir du réseau au compteur."
"Cite les trois modes de fonctionnement d'un réseau CPL.","Maître-esclaves (un maître gère les échanges, standards DS2 et SPiDCOM), Pair-à-Pair (tous les équipements au même niveau, HomePlug 1.x), Centralisé (un central gère mais les équipements peuvent aussi échanger directement, HomePlug AV)."
"Quel chiffrement les standards CPL utilisent-ils ?","Les premiers standards (HomePlug 1.x) : DES 56 bits (assez léger). Les versions récentes (UPA DS2, HomePlug AV) : AES 128 bits, beaucoup plus résistant ; l'appartenance à un réseau se paramètre par un couple nom de réseau / mot de passe."
"Quels sont les principaux inconvénients du CPL ?","Bruits fréquents et fortes atténuations (redondance nécessaire), qualité du réseau électrique déterminante, rayonnement jusqu'à ~100 m (le circuit électrique non blindé se comporte comme une antenne) perturbant les radio-amateurs et le matériel radio ; rayonnement supérieur au Wi-Fi."
"Classe les réseaux sans fil par zone de couverture croissante.","WPAN (Wireless Personal Area Network : Bluetooth, UWB), WLAN (Wireless LAN : Wi-Fi), WMAN (Wireless Metropolitan Area Network : boucle locale radio, WiMax), WWAN (réseaux étendus : Wi-Mobile, 3G, 4G)."
"Quel organisme régule le spectre radio en France et quelle bande est libre ?","L'ARCEP (ex-ART) ; toute bande de fréquences est soumise à autorisation et royalties, sauf la bande des 2,4 GHz en usage privé, totalement libérée."
"Quels réseaux Wi-Fi doivent faire une déclaration à l'ARCEP ?","Seuls les réseaux ouverts au public ; les réseaux internes à une propriété (hôtels, cybercafés) et les réseaux non ouverts au public (entreprises) n'ont pas à déclarer."
"Qu'est-ce que le WiMax et à quelle norme répond-il ?","Worldwide Interoperability for Microwave Access : un lien par ondes radio entre l'antenne de base de l'opérateur et l'abonné (norme IEEE 802.16) ; 70 Mbit/s théoriques (10 réels) sur ~50 km sans ligne de vue (20 km en pratique) ; alternative à l'ADSL pour les zones grises."
"Qu'est-ce que le mécanisme Grant/Request Access du WiMax ?","Un mécanisme d'allocation de bande passante à la demande qui alloue une bande passante à chaque utilisateur du relais pour éviter les collisions, avec des priorisations basées sur TCP/IP ; c'est une différence technique majeure avec le Wi-Fi."
"Qu'est-ce que Bluetooth et un piconet ?","Une technologie WPAN lancée par Ericsson en 1994 (norme IEEE 802.15.1), portée de 1 à 10-20 m sans vue directe, sur la bande 2,4 GHz ; un piconet est un petit réseau de 8 appareils au maximum autorisant des communications simultanées."
"Compare les principales versions de Bluetooth.","v1.x : 720 kbit/s (1 Mbit/s théorique). v2.0/2.1 EDR : 3 Mb/s théoriques. v3.0 HS : établissement de connexion par Bluetooth puis échange via une liaison Wi-Fi (jusqu'à 24 Mb/s). v4.x Low Energy : très faible consommation, IPv6/6LoWPAN en 4.2. v5 (décembre 2016)."
"Quels codages la couche physique du Wi-Fi (802.11) propose-t-elle ?","Deux techniques sur ondes radio (DSSS, Direct Sequence Spread Spectrum, qui permet les plus hauts débits, et FHSS, Frequency Hopping Spread Spectrum) et une technique infrarouge."
"Pourquoi la couche MAC du Wi-Fi fragmente-t-elle les données ?","Le support hertzien n'est pas fiable : le risque de corruption est plus grand sur de grosses trames, et leur retransmission serait pénalisante ; des paquets plus petits réduisent ce risque."
"Décris la norme 802.11a (WiFi 5).","54 Mbps théoriques (30 réels), 8 canaux radio dans la bande des 5 GHz, portée d'une trentaine de mètres, codage OFDM ; incompatible avec le 802.11b (sauf matériel dual band)."
"Décris la norme 802.11b.","Première norme Wi-Fi publiée (1999), 11 Mbps théoriques (6 réels), bande des 2,4 GHz, portée jusqu'à 300 m en environnement dégagé, moins sensible aux obstacles (béton, métal) que le 802.11a."
"Décris la norme 802.11g.","54 Mb/s théoriques (30 réels), bande des 2,4 GHz divisée en 13 canaux (Europe), portée théorique de 100 m ; compatibilité ascendante avec le 802.11b."
"Qu'apporte la norme 802.11n (2009) ?","300 Mb/s théoriques (100 réels) dans un rayon de 100 m, bandes 2,4 ou 5 GHz, grâce aux technologies MIMO (Multiple Input Multiple Output, jusqu'à 4 flux) et OFDM."
"Qu'apporte la norme 802.11ac (2013) ?","1300 Mbit/s théoriques dans la bande des 5 GHz, canaux de 20 à 160 MHz, jusqu'à 8 flux MIMO ; la fréquence augmentant, la portée tombe à environ 35 m en intérieur."
"Quels canaux non chevauchants utilise-t-on en 2,4 GHz en entreprise ?","Les canaux 1, 6 et 11 : sur la douzaine de canaux, il faut laisser 4 bandes libres entre cellules limitrophes, donc seuls 3 ou 4 canaux sont réellement exploitables."
"Qu'apporte la technologie MIMO (Multiple Input Multiple Output) ?","L'émission et la réception à partir de plusieurs antennes, ce qui double la portée maximale par rapport à une solution à une seule antenne."
"À quoi servent les normes 802.11e, 802.11i et 802.1x ?","802.11e : qualité de service sur la couche liaison (WMM, WiFi Multimedia). 802.11i : sécurité (WPA2, chiffrement, gestion des clés). 802.1x : authentification (un client non authentifié se voit interdire l'accès au réseau)."
"Quelle est la différence entre WEP, WPA et WPA2 ?","WEP (Wired Equivalent Privacy) : chiffrement d'origine, faible. WPA : sous-ensemble de 802.11i s'appuyant sur l'authentification 802.1x et le protocole TKIP (successeur de WEP). WPA2 : la norme 802.11i complète (AES), incompatible avec les matériels de première génération."
"Qu'est-ce que le NAV (Network Allocation Vector) en CSMA/CA ?","Un temporisateur calculé par chaque station à chaque trame émise, qui détermine l'instant où le support sera libéré (fin de la trame en cours et de son acquittement) et retarde les transmissions ultérieures."
"Qu'est-ce que le DIFS et la DCF en CSMA/CA ?","Le DIFS (Distributed Inter Frame Space) est le temps pendant lequel une station doit trouver le support libre avant d'émettre. La DCF (fonction de coordination distribuée) oblige la station à patienter durant le DIFS même si le support est libre, puis un délai aléatoire."
"Qu'est-ce que le VCS (Virtual Carrier Sense) et le problème de la station cachée ?","Un mécanisme optionnel de niveau MAC : la source émet un RTS (Request To Send), le destinataire répond par un CTS (Clear To Send), reçu par toutes les stations à portée qui calculent leur NAV et se taisent ; utile pour les grosses trames et le problème de la station cachée (deux stations qui entendent un intermédiaire mais pas l'une l'autre) : les collisions n'ont lieu que sur les petits RTS."
"Différence entre SSID et BSSID en Wi-Fi ?","Le SSID (Service Set Identifier, jusqu'à 32 caractères) identifie le réseau : deux stations qui veulent communiquer doivent avoir le même SSID. Le BSSID (Basic Service Set Identifier) est l'adresse MAC de l'équipement Wi-Fi et l'identifie de manière unique."
"Cite les trois topologies prévues par la norme 802.11.","IBSS (Independent Basic Service Set, ad-hoc : machines communiquant directement sans point d'accès, routage IP). BSS (Basic Service Set : stations rattachées à un même AP ; mode infrastructure s'il y a un port Ethernet). ESS (Extended Service Set : plusieurs BSS reliés par un Distribution System, même SSID)."
"Quels sont les trois types de trames Wi-Fi ?","Les trames de données, les trames de contrôle (RTS, CTS, ACK pour gérer l'accès au support) et les trames de gestion (association et désassociation d'une station avec un AP) ; toutes ont le format des trames Ethernet."
"Qu'est-ce que le roaming (itinérance) en Wi-Fi ?","La possibilité pour une station de changer de point d'accès sans perdre la connectivité ; généralement implémenté par des protocoles propriétaires, la norme 802.11f n'étant que des recommandations."
"Qu'est-ce que HiperLAN 2 ?","Le pendant européen de la norme IEEE 802.11a : même interface radio mais couche MAC différente (division temporelle TDMA/TDD au lieu de CSMA) ; intègre la séparation des flux et le scheduling, mieux conçu que 802.11a mais cher et peu répandu."
