"Quelles sont les deux familles d'outils de détection d'intrusion ?","Les outils « host-based » qui analysent les journaux d'événements des équipements, et les outils « network-based » qui capturent et analysent le trafic à certains points du réseau"
"Pourquoi suivre les alertes des CERT en matière d'intrusion ?","Parce qu'un élément du SI concerné par une compromission signalée par le CERT a de fortes chances d'être aussi repéré par un attaquant, et l'attaque subie peut déjà faire l'objet d'une fiche de remédiation"
"Citez quatre comportements anormaux révélateurs d'une intrusion.","Impossibilité de se connecter, fichiers disparus, système de fichiers endommagé, connexions ou activités inhabituelles, services ouverts non autorisés, présence d'un sniffer, création ou destruction de comptes"
"Quelle est la première action à mener en cas de détection d'intrusion, selon l'ANSSI et le CERT ?","Déconnecter la machine du réseau, sans l'éteindre ni la redémarrer, pour ne pas perdre d'informations d'analyse (état des processus en cours notamment)"
"Comment et qui prévenir en cas d'intrusion détectée ?","Prévenir immédiatement le responsable sécurité et la hiérarchie, de préférence par téléphone ou de vive voix, car l'intrus peut lire les courriers électroniques échangés"
"Quel CERT les administrations françaises doivent-elles prévenir en cas d'intrusion ?","Le CERTA (aujourd'hui CERT-FR), contactable par courriel à contact@cert.ssi.gouv.fr"
"Pourquoi et comment faire une copie physique du disque d'une machine compromise ?","Pour préserver la valeur probatoire et garder l'état exact du système ; par une copie de bas niveau incluant les secteurs non occupés (commande dd sous Unix), jamais stockée sur le disque étudié"
"Que faire des traces d'intrusion trouvées sur les autres équipements du réseau ?","Les rechercher sur l'ensemble de l'environnement (pare-feu, routeurs, IDS), puis les copier, les dater et les signer numériquement"
"Faut-il contacter soi-même l'administrateur de la machine attaquante ?","Non : il faut laisser le CERT le faire, car il dispose des contacts et des outils, ses messages sont pris au sérieux et il constitue une autorité neutre"
"Pourquoi réinstaller entièrement l'OS d'une machine compromise ?","Parce que n'importe quelle partie du système (noyau, binaires, données, processus, mémoire) peut avoir été modifiée ; c'est le seul moyen d'éliminer toute porte dérobée. Supprimer seulement la vulnérabilité exploitée est insuffisant"
"Quelle est la règle de bon sens n°1 concernant les services d'un système ?","Ne démarrer que les services que le système doit offrir, et aucun autre : désactiver tous les services au départ et les activer au fur et à mesure des besoins"
"Après avoir corrigé les vulnérabilités d'un SI compromis, que faut-il faire des mots de passe ?","Modifier les mots de passe de tous les comptes du système d'information"
"En cas d'intrusion, qui est habilité à déposer plainte ?","Seule la direction de l'organisme, qui en porte l'autorité morale"
"Quels services spécialisés peuvent recevoir une plainte pour intrusion informatique ?","L'OCLCTIC (Office Central de Lutte contre la Criminalité liée aux TIC), la BEFTI (Brigade d'Enquêtes sur les Fraudes aux Technologies de l'Information) et la DCRI"
"En quoi consiste une attaque de mot de passe par force brute ?","À tester toutes les combinaisons possibles ; plus il y a de combinaisons, plus le temps moyen pour retrouver le mot de passe est long"
"En quoi consiste une attaque par dictionnaire ?","À tester une série de mots issus d'un dictionnaire, éventuellement transformés par des règles (majuscule, S remplacé par 5, ajout d'un chiffre) ; un mot de passe sans signification y résiste"
"Qu'est-ce qu'une attaque par compromis temps/mémoire ?","Une solution intermédiaire, plus rapide que la force brute et moins gourmande en mémoire que le dictionnaire complet, fondée sur des chaînes construites par hachage et réduction (tables arc-en-ciel)"
"Qu'est-ce qu'une attaque indirecte sur un mot de passe ?","Une attaque qui ne calcule pas le mot de passe mais le capture à la saisie (keylogger) ou le fait communiquer par supercherie (filoutage / phishing)"
"De quoi dépend la « force » d'un mot de passe ?","De sa longueur et du nombre de possibilités par caractère (minuscules, majuscules, chiffres, caractères spéciaux)"
"Quel est le paradoxe de la force d'un mot de passe ?","Un bon mot de passe doit être fort mais aussi facile à retenir : s'il est trop compliqué, l'utilisateur l'écrit sur un papier, ce qui ruine la sécurité"
"Décrivez la méthode phonétique de création de mot de passe.","Utiliser les sons des syllabes d'une phrase facile à retenir : « Usain Bolt a Couru le 100 en moins de 10 Secondes cet après-midi » devient « UBaClsansMe-2102nde7am »"
"Décrivez la méthode des premières lettres.","Garder les premières lettres d'une phrase, sans se limiter aux minuscules : « un tiens vaut mieux que deux tu l'auras » devient « 1tvmQ2tl'A »"
"Comment doit être fourni un mot de passe initial ?","De préférence sur un canal sûr ; s'il est fourni par l'administrateur ou sur un canal non confidentiel, il doit être changé dès la première connexion"
"Citez trois critères techniques d'une politique de mots de passe.","Longueur minimale obligatoire, interdiction de réutiliser les n derniers mots de passe, nombre de tentatives avant verrouillage, déblocage automatique après délai pour éviter les dénis de service"
"Pourquoi utiliser des mots de passe différents selon les services ?","Parce qu'un mot de passe n'est pas inviolable dans le temps : si un poste est compromis avec un keylogger, tous les mots de passe saisis sont capturés et l'impact dure tant qu'ils ne sont pas changés"
"Qu'est-ce qu'un mot de passe non rejouable (OTP) et quelle est sa limite ?","Un mot de passe à usage unique : une fois découvert il ne peut plus être réutilisé, mais il reste vulnérable aux attaques par interception (man in the middle)"
"Quelle alternative au mot de passe l'ANSSI recommande-t-elle si possible ?","L'usage d'un certificat d'authentification et d'une clé privée stockés sur une carte à puce qualifiée par l'ANSSI"
"Citez trois des huit recommandations minimales de l'ANSSI sur les mots de passe.","Des mots de passe différents par système (pro ≠ perso), non liés à l'identité, ne jamais faire créer son mot de passe par un tiers, changer les mots de passe par défaut au plus tôt, renouveler tous les 90 jours pour les données sensibles, ne pas les stocker en clair, configurer les logiciels pour qu'ils ne les retiennent pas"
"Qu'est-ce qu'une attaque DDoS par réflexion ?","Envoyer des paquets à des « réflecteurs » (machines répondant à toute source) en usurpant l'adresse IP de la victime, dont les liens sont saturés par les réponses non sollicitées"
"Qu'est-ce qu'une attaque DDoS par amplification ?","Exploiter des protocoles dont la réponse est bien plus volumineuse que la requête (DNS, NTP, SNMP, SSDP) pour générer un trafic volumétrique ; souvent combinée à la réflexion"
"Qu'est-ce qu'un « booter » ou « stresser » ?","Un service de DDoS en ligne, à tarif abordable, qui permet à un particulier de lancer des attaques contre la cible de son choix"
"Quel risque présente un pare-feu avec suivi de connexions placé devant un serveur à forte audience lors d'un DDoS ?","Il subit de plein fouet l'attaque et devient le point de défaillance, impactant tout le SI et plus seulement le service visé ; on augmente alors la taille des tables d'état"
"Qu'est-ce que le « blackholing » opéré par un opérateur de transit ?","Le rejet du trafic en fonction de sa destination (la victime) : cette mesure protège le reste du réseau mais rend le déni de service effectif pour la cible"
"Qu'est-ce qu'un CDN et en quoi aide-t-il contre les DDoS ?","Un Content Delivery Network : une infrastructure de serveurs répartis en data-centres, avec fonction de cache, géolocalisation d'IP et adressage anycast, qui répartit la charge et améliore la résistance aux attaques DDoS"
"Quelle est la limite d'une protection anti-DDoS par redirection DNS ?","Le trafic ne transite pas forcément par le fournisseur de protection, et un attaquant qui découvre l'adresse IP réelle peut accéder directement au serveur en contournant le CDN"
"Pourquoi le déroutement de trafic par annonces BGP protège-t-il mieux qu'une redirection DNS ?","Parce qu'il fait transiter l'intégralité du trafic d'un bloc d'adresses IP vers le fournisseur de protection, mais la souscription est plus onéreuse"
"Citez deux mesures organisationnelles de bon sens contre les DDoS.","Segmenter le réseau pour faciliter le filtrage et l'isolement (défense en profondeur), filtrer en bordure pour n'autoriser que les flux nécessaires, disposer d'outils de supervision et d'un annuaire de contacts à jour"
"À quoi sert la journalisation et que ne remplace-t-elle pas ?","C'est un moyen de détection (analyse en temps réel) et d'analyse a posteriori (comprendre le cheminement d'une attaque) ; elle ne remplace pas les mécanismes de protection, elle les complète"
"Pourquoi la synchronisation des horloges est-elle essentielle pour la journalisation ?","Un événement journalisé n'est pertinent que s'il peut être situé dans le temps ; les horloges doivent être synchronisées sur plusieurs sources internes cohérentes, elles-mêmes calées sur des sources externes fiables"
"Où doivent être exportés les journaux d'événements ?","Automatiquement sur une machine physique différente de celle qui les génère, et transférés vers un ou plusieurs serveurs centraux dédiés, redondés selon la taille du parc"
"Quel mode de transfert des journaux l'ANSSI privilégie-t-elle ?","Un transfert en temps réel, sans traitement préalable, en mode connecté et contrôlé (TCP plutôt qu'UDP), avec maîtrise de la bande passante utilisée"
"Sur quels principes repose la politique de rotation des journaux ?","Séparation par thèmes, rotation journalière avec convention de nommage et horodatage, compression après un délai, effacement local sur les serveurs clients de la centralisation"
"Combien de temps les FAI et hébergeurs doivent-ils conserver leurs journaux ?","Au minimum un an"
"Quel intérêt y a-t-il à signer et horodater les journaux dès leur création ?","Cela assure leur intégrité et accroît leur valeur probatoire en justice"
"Quel est le principe de « minimisation » pour sécuriser un système Linux ?","Supprimer tous les éléments logiciels superflus pour réduire la surface d'attaque, au niveau utilisateur (userland) comme au niveau du noyau et de ses modules"
"Quel service faut-il éliminer sur un serveur Linux, et que signifie « éliminer » ici ?","Le serveur X, service complexe et privilégié inutile sur un serveur ; « éliminer » signifie surtout empêcher son lancement automatique, pas forcément le désinstaller"
"Quelles options de montage un partitionnement Linux bien pensé permet-il d'appliquer ?","ro (lecture seule), nodev, noexec et nosuid, sur les partitions adaptées ; il évite aussi la saturation et simplifie la sauvegarde"
"Quelles solutions de cloisonnement Linux privilégier plutôt qu'un simple chroot ?","LXC, VServer ou OpenVZ, globalement plus robustes qu'un chroot dont l'isolation se limite au système de fichiers"
"Qu'est-ce que les SRP sous Windows ?","Les Software Restriction Policies, introduites avec Windows XP et Windows 2003 Server, qui restreignent l'exécution de programmes via une liste blanche de règles ; elles impactent tous les utilisateurs de la machine indifféremment"
"Quelle est la différence fondamentale entre SRP et AppLocker ?","Le champ d'application : SRP impacte tous les utilisateurs d'une machine indifféremment, alors qu'AppLocker peut cibler un utilisateur précis d'une machine ou d'un domaine ; on privilégie AppLocker"
"Quels types de fichiers AppLocker peut-il autoriser ou refuser ?","Les exécutables (.exe, .com), les Windows Installer (.msi, .mst), les scripts (.ps1, .bat, .cmd, .vbs, .js) et les bibliothèques (.dll, .ocx)"
"Quels sont les trois types de règles AppLocker ?","Les règles basées sur le chemin d'accès, sur la signature électronique d'un éditeur, et sur l'empreinte cryptographique SHA-256 d'un fichier"
"Quel type de règle AppLocker faut-il privilégier ?","Les règles basées sur la signature électronique, après s'être assuré que les certificats et autorités de certification sont de confiance, car c'est le meilleur compromis entre sécurité et souplesse d'administration"
"Citez deux limites ou contournements possibles d'AppLocker.","Les composants ActiveX peuvent instancier des programmes bloqués (ex. session RDP depuis un document Word) ; AppLocker ne contrôle pas le comportement d'un programme lancé, ni les codes interprétés (Perl, macros), ni les applications 16 bits (exécutées via NTVDM)"
